run_name,encoder,feature,model_family,strategy,auc_mean,auc_std,avg_precision_mean,avg_precision_std,balanced_accuracy_mean,balanced_accuracy_std,sensitivity_mean,sensitivity_std,specificity_mean,specificity_std,mcc_mean,mcc_std,n_folds,auc_fmt,avg_precision_fmt,balanced_accuracy_fmt,sensitivity_fmt,specificity_fmt,mcc_fmt
run_gpu_families,dinov2,motion_prev_rgb,transformer_encoder,subject_norm,0.7185880026681913,0.053428877879964164,0.8720498834867384,0.03893842332303663,0.660991474751567,0.05830722925458889,0.5605764314928425,0.18833586673244457,0.7614065180102916,0.07172140822326678,0.2858887403850512,0.09905836140496857,2,0.719±0.053,0.872±0.039,0.661±0.058,0.561±0.188,0.761±0.072,0.286±0.099
run_gpu_families,dinov2,motion_prev_rgb,transformer_encoder,population_norm,0.670145750829279,0.09662451650261403,0.8409803481346514,0.06999937575379793,0.6249711765618916,0.027085373271242358,0.6477696830265849,0.26537290920220596,0.6021726700971983,0.21120216265972114,0.24023752669116605,0.07511169389788833,2,0.670±0.097,0.841±0.070,0.625±0.027,0.648±0.265,0.602±0.211,0.240±0.075
