run_name,encoder,feature,model_family,fold_id,split,strategy,n_windows,n_stress,n_nonstress,threshold,n_fallback_subjects,auc,avg_precision,balanced_accuracy,sensitivity,specificity,mcc
run_gpu_families,dinov2,motion_prev_rgb,transformer_encoder,1,train,population_norm,2059,1519,540,0.3,0,0.8136566454538804,0.9250237973589643,0.706866115621876,0.5766951942067149,0.837037037037037,0.36471157392592507
run_gpu_families,dinov2,motion_prev_rgb,transformer_encoder,1,val,population_norm,498,361,137,0.3,0,0.7201609478941302,0.8630508039002924,0.6692985826071133,0.6232686980609419,0.7153284671532847,0.3029614078039984
run_gpu_families,dinov2,motion_prev_rgb,transformer_encoder,1,test,population_norm,654,489,165,0.3,0,0.6018218999814091,0.7914833148603158,0.6058189254508273,0.4601226993865031,0.7515151515151515,0.187125538589561
run_gpu_families,dinov2,motion_prev_rgb,transformer_encoder,1,test,subject_norm,654,489,165,0.3,0,0.6808080808080808,0.8445162603063068,0.6197620375534486,0.4274028629856851,0.8121212121212121,0.2158439013023701
run_gpu_families,dinov2,motion_prev_rgb,transformer_encoder,2,train,population_norm,2052,1506,546,0.15,0,0.7987123544892469,0.9159498687618748,0.7124505640441896,0.7802124833997344,0.6446886446886447,0.3984598943720967
run_gpu_families,dinov2,motion_prev_rgb,transformer_encoder,2,val,population_norm,520,383,137,0.15,0,0.690305120923939,0.878192236581167,0.675582702826323,0.5117493472584856,0.8394160583941606,0.31350153959967036
run_gpu_families,dinov2,motion_prev_rgb,transformer_encoder,2,test,population_norm,639,480,159,0.15,0,0.7384696016771488,0.8904773814089871,0.6441234276729559,0.8354166666666667,0.4528301886792453,0.2933495147927711
run_gpu_families,dinov2,motion_prev_rgb,transformer_encoder,2,test,subject_norm,639,480,159,0.15,0,0.7563679245283019,0.89958350666717,0.7022209119496855,0.69375,0.710691823899371,0.35593357946773224
